parameter_set_id,parameter_level,n_formations_checked,n_formations_passed,failed_formations,max_segment_p95_crown_settlement_mm,max_segment_p95_wall_convergence_mm,max_segment_p95_plastic_zone_thickness_estimate_m,max_segment_p95_plastic_zone_ratio_to_radius,max_crown_settlement_mm,max_wall_convergence_mm,max_sidewall_convergence_mm,max_radial_convergence_hydrostatic_equiv_mm,max_diametral_convergence_hydrostatic_equiv_mm,max_plastic_zone_thickness_estimate_m,max_plastic_zone_ratio_to_radius,max_stability_index,displacement_model,danger_mileage,danger_formation,yield_state_control,material_invalid_reason,result_invalid_reason,parameter_prior_penalty,plastic_zone_penalty,crown_settlement_penalty,wall_convergence_penalty,convergence_penalty,stability_penalty,score_2d,failure_flag,pass_stage1,reject_reason,rank_2d
P0049,min_max_sweep_100_lhs,3,2,Interbedded_ST,,,6.511864145926523,2.170621381975508,,,,,,6.5306288574291065,2.176876285809702,501.5255733539159,disabled_plastic_zone_only,767.0,Interbedded_ST,plastic_estimate,,segment_p95_plastic_zone_ratio_to_radius too large,0.18998741625004256,1.085310690987754,,,0.0,6.219646530884863,2.0708293736984738,True,False,Interbedded_ST: segment_p95_plastic_zone_ratio_to_radius too large,1.0
P0030,min_max_sweep_100_lhs,3,1,Interbedded_ST; Fault,,,6.523323120929765,2.174441040309922,,,,,,6.5420878324323475,2.180695944144116,507.03982512028705,disabled_plastic_zone_only,767.0,Interbedded_ST,plastic_estimate,,segment_p95_plastic_zone_ratio_to_radius too large,0.24375063769003166,1.087220520154961,,,0.0,6.23055984041176,2.073922011805348,True,False,Interbedded_ST: segment_p95_plastic_zone_ratio_to_radius too large; Fault: segment_p95_plastic_zone_ratio_to_radius too large,2.0
P0038,min_max_sweep_100_lhs,3,2,Interbedded_ST,,,6.5004156114773455,2.166805203825782,,,,,,6.519180322979928,2.173060107659976,496.0761157351232,disabled_plastic_zone_only,767.0,Interbedded_ST,plastic_estimate,,segment_p95_plastic_zone_ratio_to_radius too large,0.3317960752304187,1.083402601912891,,,0.0,6.208743164742789,2.0757963501214163,True,False,Interbedded_ST: segment_p95_plastic_zone_ratio_to_radius too large,3.0
P0050,min_max_sweep_100_lhs,3,1,Interbedded_ST; Fault,,,6.569265942301504,2.1897553141005015,,,,,,6.588030653804086,2.1960102179346954,529.762636141054,disabled_plastic_zone_only,767.0,Interbedded_ST,plastic_estimate,,segment_p95_plastic_zone_ratio_to_radius too large,0.1412304866850322,1.0948776570502508,,,0.0,6.274314908384845,2.077396594324876,True,False,Interbedded_ST: segment_p95_plastic_zone_ratio_to_radius too large; Fault: segment_p95_plastic_zone_ratio_to_radius too large,4.0
P0041,min_max_sweep_100_lhs,3,2,Interbedded_ST,,,6.546272892830462,2.1820909642768207,,,,,,6.565037604333044,2.1883458681110146,518.266254480081,disabled_plastic_zone_only,767.0,Interbedded_ST,plastic_estimate,,segment_p95_plastic_zone_ratio_to_radius too large,0.29609903751317895,1.0910454821384103,,,0.0,6.2524167660314705,2.078852150046302,True,False,Interbedded_ST: segment_p95_plastic_zone_ratio_to_radius too large,5.0
P0005,min_max_sweep_100_lhs,3,1,Interbedded_ST; Fault,,,6.557763943500033,2.1859213145000114,,,,,,6.576528655002615,2.1921762183342053,523.9802400125791,disabled_plastic_zone_only,767.0,Interbedded_ST,plastic_estimate,,segment_p95_plastic_zone_ratio_to_radius too large,0.2378736863585349,1.0929606572500057,,,0.0,6.263360623812016,2.0835792313107633,True,False,Interbedded_ST: segment_p95_plastic_zone_ratio_to_radius too large; Fault: segment_p95_plastic_zone_ratio_to_radius too large,6.0
P0059,min_max_sweep_100_lhs,3,1,Interbedded_ST; Fault,,,6.626944783619832,2.208981594539944,,,,,,6.645709495122415,2.2152364983741384,559.7342794884166,disabled_plastic_zone_only,767.0,Interbedded_ST,plastic_estimate,,segment_p95_plastic_zone_ratio_to_radius too large,0.12104207053702006,1.104490797269972,,,0.0,6.329247138211824,2.0982783357162598,True,False,Interbedded_ST: segment_p95_plastic_zone_ratio_to_radius too large; Fault: segment_p95_plastic_zone_ratio_to_radius too large,7.0
P0096,min_max_sweep_100_lhs,3,2,Interbedded_ST,,,6.638515268139194,2.212838422713065,,,,,,6.6572799796417765,2.219093326547259,565.9474662267587,disabled_plastic_zone_only,767.0,Interbedded_ST,plastic_estimate,,segment_p95_plastic_zone_ratio_to_radius too large,0.18585178383158185,1.1064192113565325,,,0.0,6.3402666472778835,2.104671125382424,True,False,Interbedded_ST: segment_p95_plastic_zone_ratio_to_radius too large,8.0
P0031,min_max_sweep_100_lhs,3,0,SH_ST; Interbedded_ST; Fault,,,6.603838941314458,2.2012796471048195,,,,,,6.622603652817041,2.207534550939014,547.5297812847774,disabled_plastic_zone_only,767.0,Interbedded_ST,plastic_estimate,,segment_p95_plastic_zone_ratio_to_radius too large,0.37821310750603687,1.1006398235524097,,,0.0,6.307241574111468,2.1100727595705724,True,False,SH_ST: segment_p95_plastic_zone_ratio_to_radius too large; Interbedded_ST: segment_p95_plastic_zone_ratio_to_radius too large; Fault: segment_p95_plastic_zone_ratio_to_radius too large,9.0
P0039,min_max_sweep_100_lhs,3,2,Interbedded_ST,,,6.615386054149418,2.205128684716473,,,,,,6.6341507656520005,2.211383588550667,553.5953919857282,disabled_plastic_zone_only,767.0,Interbedded_ST,plastic_estimate,,segment_p95_plastic_zone_ratio_to_radius too large,0.24614495119545635,1.1025643423582365,,,0.0,6.318238824430478,2.1114382800977887,True,False,Interbedded_ST: segment_p95_plastic_zone_ratio_to_radius too large,10.0
P0032,min_max_sweep_100_lhs,3,2,Interbedded_ST,,,6.650097647734112,2.2166992159113708,,,,,,6.668862359236695,2.222954119745565,572.2359918038281,disabled_plastic_zone_only,767.0,Interbedded_ST,plastic_estimate,,segment_p95_plastic_zone_ratio_to_radius too large,0.22296364316566344,1.1083496079556854,,,0.0,6.351297484987329,2.1126838292778714,True,False,Interbedded_ST: segment_p95_plastic_zone_ratio_to_radius too large,11.0
P0065,min_max_sweep_100_lhs,3,1,Interbedded_ST; Fault,,,6.661692064062789,2.2205640213542632,,,,,,6.680456775565371,2.226818925188457,578.600913337998,disabled_plastic_zone_only,767.0,Interbedded_ST,plastic_estimate,,segment_p95_plastic_zone_ratio_to_radius too large,0.1301295786144271,1.1102820106771316,,,0.0,6.362339786252735,2.1137132883376735,True,False,Interbedded_ST: segment_p95_plastic_zone_ratio_to_radius too large; Fault: segment_p95_plastic_zone_ratio_to_radius too large,12.0
P0082,min_max_sweep_100_lhs,3,1,Interbedded_ST; Fault,,,6.708192988037948,2.2360643293459828,,,,,,6.726957699540531,2.242319233180177,604.8463345199926,disabled_plastic_zone_only,767.0,Interbedded_ST,plastic_estimate,,segment_p95_plastic_zone_ratio_to_radius too large,0.2311260755705201,1.1180321646729914,,,0.0,6.406626380514792,2.1320318299719503,True,False,Interbedded_ST: segment_p95_plastic_zone_ratio_to_radius too large; Fault: segment_p95_plastic_zone_ratio_to_radius too large,13.0
P0014,min_max_sweep_100_lhs,3,2,Interbedded_ST,,,6.69654897490145,2.2321829916338167,,,,,,6.715313686404032,2.2384378954680106,598.1648950935646,disabled_plastic_zone_only,767.0,Interbedded_ST,plastic_estimate,,segment_p95_plastic_zone_ratio_to_radius too large,0.303009896949291,1.1160914958169084,,,0.0,6.395536844194317,2.1342435348296953,True,False,Interbedded_ST: segment_p95_plastic_zone_ratio_to_radius too large,14.0
P0057,min_max_sweep_100_lhs,3,1,Interbedded_ST; Fault,,,6.731519476640473,2.2438398255468246,,,,,,6.7502841881430555,2.2500947293810185,618.4562542366533,disabled_plastic_zone_only,767.0,Interbedded_ST,plastic_estimate,,segment_p95_plastic_zone_ratio_to_radius too large,0.25251164847124447,1.1219199127734123,,,0.0,6.428842083945767,2.1379215439005868,True,False,Interbedded_ST: segment_p95_plastic_zone_ratio_to_radius too large; Fault: segment_p95_plastic_zone_ratio_to_radius too large,15.0
P0029,min_max_sweep_100_lhs,3,0,SH_ST; Interbedded_ST; Fault,,,6.719849771334992,2.239949923778331,,,,,,6.7386144828375745,2.246204827612525,611.6097309184647,disabled_plastic_zone_only,767.0,Interbedded_ST,plastic_estimate,,segment_p95_plastic_zone_ratio_to_radius too large,0.22116790803659492,1.1199749618891655,,,0.0,6.417728078892928,2.1392272759262014,True,False,SH_ST: segment_p95_plastic_zone_ratio_to_radius too large; Interbedded_ST: segment_p95_plastic_zone_ratio_to_radius too large; Fault: segment_p95_plastic_zone_ratio_to_radius too large,16.0
P0078,min_max_sweep_100_lhs,3,2,Interbedded_ST,,,6.754898269523517,2.2516327565078393,,,,,,6.773662981026101,2.2578876603420337,632.403462726633,disabled_plastic_zone_only,767.0,Interbedded_ST,plastic_estimate,,segment_p95_plastic_zone_ratio_to_radius too large,0.20538720538720545,1.1258163782539197,,,0.0,6.451107600977239,2.140750521567757,True,False,Interbedded_ST: segment_p95_plastic_zone_ratio_to_radius too large,17.0
P0008,min_max_sweep_100_lhs,3,2,Interbedded_ST,,,6.766607669712982,2.2555358899043276,,,,,,6.785372381215565,2.2617907937385215,639.506590359187,disabled_plastic_zone_only,767.0,Interbedded_ST,plastic_estimate,,segment_p95_plastic_zone_ratio_to_radius too large,0.2604019997959392,1.1277679449521638,,,0.0,6.462259410681491,2.150950017158961,True,False,Interbedded_ST: segment_p95_plastic_zone_ratio_to_radius too large,18.0
P0037,min_max_sweep_100_lhs,3,2,Interbedded_ST,,,6.790067272799498,2.263355757599833,,,,,,6.80883198430208,2.269610661434027,653.9781588496035,disabled_plastic_zone_only,767.0,Interbedded_ST,plastic_estimate,,segment_p95_plastic_zone_ratio_to_radius too large,0.19651736217392787,1.1316778787999164,,,0.0,6.484601889811505,2.158212202019896,True,False,Interbedded_ST: segment_p95_plastic_zone_ratio_to_radius too large,19.0
P0007,min_max_sweep_100_lhs,3,2,Interbedded_ST,,,6.778330617175827,2.2594435390586094,,,,,,6.797095328678411,2.2656984428928038,646.6977306976403,disabled_plastic_zone_only,767.0,Interbedded_ST,plastic_estimate,,segment_p95_plastic_zone_ratio_to_radius too large,0.21763085399449042,1.1297217695293047,,,0.0,6.473424122550868,2.1598151476779663,True,False,Interbedded_ST: segment_p95_plastic_zone_ratio_to_radius too large,20.0
P0020,min_max_sweep_100_lhs,3,1,Interbedded_ST; Fault,,,6.789062509670778,2.263020836556926,,,,,,6.8185320771200235,2.2728440257066747,660.0570028646728,disabled_plastic_zone_only,1429.0,Fault,plastic_estimate,,segment_p95_plastic_zone_ratio_to_radius too large,0.3186273509505833,1.131510418278463,,,0.0,6.493840073447642,2.1626523333468506,True,False,Interbedded_ST: segment_p95_plastic_zone_ratio_to_radius too large; Fault: segment_p95_plastic_zone_ratio_to_radius too large,21.0
P0055,min_max_sweep_100_lhs,3,0,SH_ST; Interbedded_ST; Fault,,,6.801817799341874,2.267272599780625,,,,,,6.820582510844456,2.273527503614819,661.3491722886412,disabled_plastic_zone_only,767.0,Interbedded_ST,plastic_estimate,,segment_p95_plastic_zone_ratio_to_radius too large,0.298983096962895,1.1336362998903124,,,0.0,6.495792867470912,2.1626864820156304,True,False,SH_ST: segment_p95_plastic_zone_ratio_to_radius too large; Interbedded_ST: segment_p95_plastic_zone_ratio_to_radius too large; Fault: segment_p95_plastic_zone_ratio_to_radius too large,22.0
P0063,min_max_sweep_100_lhs,3,1,Interbedded_ST; Fault,,,6.825361125695142,2.2751203752317144,,,,,,6.8441258371977245,2.2813752790659083,676.3682595827324,disabled_plastic_zone_only,767.0,Interbedded_ST,plastic_estimate,,segment_p95_plastic_zone_ratio_to_radius too large,0.250280583613917,1.1375601876158572,,,0.0,6.518215083045453,2.1731747530765184,True,False,Interbedded_ST: segment_p95_plastic_zone_ratio_to_radius too large; Fault: segment_p95_plastic_zone_ratio_to_radius too large,23.0
P0067,min_max_sweep_100_lhs,3,1,Interbedded_ST; Fault,,,6.860073941528932,2.286691313842977,,,,,,6.889543508978178,2.296514502992726,706.3106834996892,disabled_plastic_zone_only,1429.0,Fault,plastic_estimate,,segment_p95_plastic_zone_ratio_to_radius too large,0.109941162466415,1.1433456569214886,,,0.0,6.561470008550646,2.1759046626238763,True,False,Interbedded_ST: segment_p95_plastic_zone_ratio_to_radius too large; Fault: segment_p95_plastic_zone_ratio_to_radius too large,24.0
P0035,min_max_sweep_100_lhs,3,1,Interbedded_ST; Fault,,,6.837154260567798,2.2790514201892664,,,,,,6.855918972070381,2.2853063240234603,684.0190445010259,disabled_plastic_zone_only,767.0,Interbedded_ST,plastic_estimate,,segment_p95_plastic_zone_ratio_to_radius too large,0.2712308267863824,1.1395257100946332,,,0.0,6.529446640067031,2.1764381101252446,True,False,Interbedded_ST: segment_p95_plastic_zone_ratio_to_radius too large; Fault: segment_p95_plastic_zone_ratio_to_radius too large,25.0
P0095,min_max_sweep_100_lhs,3,1,SH_ST; Interbedded_ST,,,6.872621603449474,2.2908738678164915,,,,,,6.891386314952056,2.2971287716506854,707.5531414258987,disabled_plastic_zone_only,767.0,Interbedded_ST,plastic_estimate,,segment_p95_plastic_zone_ratio_to_radius too large,0.29854776723463594,1.1454369339082457,,,0.0,6.563225061859102,2.186321223159091,True,False,SH_ST: segment_p95_plastic_zone_ratio_to_radius too large; Interbedded_ST: segment_p95_plastic_zone_ratio_to_radius too large,26.0
P0091,min_max_sweep_100_lhs,3,1,Interbedded_ST; Fault,,,6.884473945315552,2.2948246484385173,,,,,,6.903238656818134,2.301079552272711,715.59656149101,disabled_plastic_zone_only,767.0,Interbedded_ST,plastic_estimate,,segment_p95_plastic_zone_ratio_to_radius too large,0.26263306465326675,1.1474123242192587,,,0.0,6.5745130064934605,2.1864688845610853,True,False,Interbedded_ST: segment_p95_plastic_zone_ratio_to_radius too large; Fault: segment_p95_plastic_zone_ratio_to_radius too large,27.0
P0079,min_max_sweep_100_lhs,3,1,Interbedded_ST; Fault,,,6.883411121395139,2.29447037379838,,,,,,6.912880688844384,2.304293562948128,722.2072935518394,disabled_plastic_zone_only,1429.0,Fault,plastic_estimate,,segment_p95_plastic_zone_ratio_to_radius too large,0.17077849199061323,1.14723518689919,,,0.0,6.583695894137509,2.186662559104945,True,False,Interbedded_ST: segment_p95_plastic_zone_ratio_to_radius too large; Fault: segment_p95_plastic_zone_ratio_to_radius too large,28.0
P0001,min_max_sweep_100_lhs,3,1,Interbedded_ST; Fault,,,6.896341530118363,2.2987805100394545,,,,,,6.915106241620947,2.305035413873649,723.7418106674447,disabled_plastic_zone_only,767.0,Interbedded_ST,plastic_estimate,,segment_p95_plastic_zone_ratio_to_radius too large,0.27933884297520667,1.1493902550197272,,,0.0,6.585815468210425,2.1875600344732513,True,False,Interbedded_ST: segment_p95_plastic_zone_ratio_to_radius too large; Fault: segment_p95_plastic_zone_ratio_to_radius too large,29.0
P0033,min_max_sweep_100_lhs,3,2,Interbedded_ST,,,6.84896193652671,2.28298731217557,,,,,,6.867726648029294,2.2892422160097645,691.7658378309154,disabled_plastic_zone_only,767.0,Interbedded_ST,plastic_estimate,,segment_p95_plastic_zone_ratio_to_radius too large,0.46799986395945997,1.141493656087785,,,0.0,6.540692045742184,2.187958273701777,True,False,Interbedded_ST: segment_p95_plastic_zone_ratio_to_radius too large,30.0
P0069,min_max_sweep_100_lhs,3,2,Interbedded_ST,,,6.920123152966902,2.306707717655634,,,,,,6.938887864469484,2.312962621489828,740.3439093633043,disabled_plastic_zone_only,767.0,Interbedded_ST,plastic_estimate,,segment_p95_plastic_zone_ratio_to_radius too large,0.17556711900146246,1.153353858827817,,,0.0,6.60846463282808,2.1912588767521863,True,False,Interbedded_ST: segment_p95_plastic_zone_ratio_to_radius too large,31.0
P0093,min_max_sweep_100_lhs,3,2,Interbedded_ST,,,6.943967941960495,2.3146559806534985,,,,,,6.962732653463077,2.3209108844876924,757.3719433125192,disabled_plastic_zone_only,767.0,Interbedded_ST,plastic_estimate,,segment_p95_plastic_zone_ratio_to_radius too large,0.2644832159983676,1.1573279903267493,,,0.0,6.631173955679121,2.2013198564245045,True,False,Interbedded_ST: segment_p95_plastic_zone_ratio_to_radius too large,32.0
P0045,min_max_sweep_100_lhs,3,2,Interbedded_ST,,,6.955914492483975,2.3186381641613254,,,,,,6.974679203986559,2.3248930679955198,766.0497196843593,disabled_plastic_zone_only,767.0,Interbedded_ST,plastic_estimate,,segment_p95_plastic_zone_ratio_to_radius too large,0.2531102268476006,1.1593190820806627,,,0.0,6.642551622844342,2.216858936200787,True,False,Interbedded_ST: segment_p95_plastic_zone_ratio_to_radius too large,33.0
P0100,min_max_sweep_100_lhs,3,1,Interbedded_ST; Fault,,,6.9918530705436,2.3306176901812004,,,,,,7.010617782046182,2.3368725940153943,792.7581676002061,disabled_plastic_zone_only,767.0,Interbedded_ST,plastic_estimate,,segment_p95_plastic_zone_ratio_to_radius too large,0.17181240009522838,1.1653088450906002,,,0.0,6.676778840043984,2.2230788567803232,True,False,Interbedded_ST: segment_p95_plastic_zone_ratio_to_radius too large; Fault: segment_p95_plastic_zone_ratio_to_radius too large,34.0
P0099,min_max_sweep_100_lhs,3,1,Interbedded_ST; Fault,,,7.027944173513415,2.3426480578378053,,,,,,7.046708885015997,2.348902961671999,820.5159221268128,disabled_plastic_zone_only,767.0,Interbedded_ST,plastic_estimate,,segment_p95_plastic_zone_ratio_to_radius too large,0.2283508485528688,1.1713240289189026,,,0.0,6.711151319062855,2.2308406204675677,True,False,Interbedded_ST: segment_p95_plastic_zone_ratio_to_radius too large; Fault: segment_p95_plastic_zone_ratio_to_radius too large,35.0
P0076,min_max_sweep_100_lhs,3,0,SH_ST; Interbedded_ST; Fault,,,6.9181449375644295,2.3060483125214764,,,,,,7.17058828896308,2.3901960963210267,923.3878214560762,disabled_plastic_zone_only,1077.0,SH_ST,plastic_estimate,,segment_p95_plastic_zone_ratio_to_radius too large,0.24940992415739896,1.1530241562607382,,,0.0,6.829131703774363,2.2317565842640676,True,False,SH_ST: segment_p95_plastic_zone_ratio_to_radius too large; Interbedded_ST: segment_p95_plastic_zone_ratio_to_radius too large; Fault: segment_p95_plastic_zone_ratio_to_radius too large,36.0
P0072,min_max_sweep_100_lhs,3,1,SH_ST; Interbedded_ST,,,7.04000937594296,2.346669791980987,,,,,,7.058774087445542,2.352924695815181,830.0101326009412,disabled_plastic_zone_only,767.0,Interbedded_ST,plastic_estimate,,segment_p95_plastic_zone_ratio_to_radius too large,0.14977383260211546,1.1733348959904935,,,0.0,6.7226419880433745,2.2336592502463772,True,False,SH_ST: segment_p95_plastic_zone_ratio_to_radius too large; Interbedded_ST: segment_p95_plastic_zone_ratio_to_radius too large,37.0
P0077,min_max_sweep_100_lhs,3,2,Interbedded_ST,,,7.003866224638102,2.3346220748793676,,,,,,7.022630936140686,2.340876978713562,801.891783156193,disabled_plastic_zone_only,767.0,Interbedded_ST,plastic_estimate,,segment_p95_plastic_zone_ratio_to_radius too large,0.2284052647689012,1.1673110374396838,,,0.0,6.6882199391816055,2.234108798412768,True,False,Interbedded_ST: segment_p95_plastic_zone_ratio_to_radius too large,38.0
P0061,min_max_sweep_100_lhs,3,2,Interbedded_ST,,,7.064193273674943,2.354731091224981,,,,,,7.082957985177525,2.360985995059175,849.3723153128932,disabled_plastic_zone_only,767.0,Interbedded_ST,plastic_estimate,,segment_p95_plastic_zone_ratio_to_radius too large,0.251151243070435,1.1773655456124905,,,0.0,6.745674271597643,2.240456126068433,True,False,Interbedded_ST: segment_p95_plastic_zone_ratio_to_radius too large,39.0
P0084,min_max_sweep_100_lhs,3,1,Interbedded_ST; Fault,,,7.076312390953676,2.358770796984559,,,,,,7.0950771024562584,2.365025700818753,859.2441876338315,disabled_plastic_zone_only,767.0,Interbedded_ST,plastic_estimate,,segment_p95_plastic_zone_ratio_to_radius too large,0.13883617317960759,1.1793853984922795,,,0.0,6.75721628805358,2.2419123136220542,True,False,Interbedded_ST: segment_p95_plastic_zone_ratio_to_radius too large; Fault: segment_p95_plastic_zone_ratio_to_radius too large,40.0
P0066,min_max_sweep_100_lhs,3,1,SH_ST; Interbedded_ST,,,7.015896524744502,2.338632174914834,,,,,,7.194011188675136,2.3980037295583787,944.2403438844434,disabled_plastic_zone_only,1077.0,SH_ST,plastic_estimate,,segment_p95_plastic_zone_ratio_to_radius too large,0.12044349216066391,1.169316087457417,,,0.0,6.851439227309654,2.243219005205156,True,False,SH_ST: segment_p95_plastic_zone_ratio_to_radius too large; Interbedded_ST: segment_p95_plastic_zone_ratio_to_radius too large,41.0
P0094,min_max_sweep_100_lhs,3,2,Interbedded_ST,,,7.10060603565948,2.36686867855316,,,,,,7.119370747162062,2.373123582387354,879.3795246722848,disabled_plastic_zone_only,767.0,Interbedded_ST,plastic_estimate,,segment_p95_plastic_zone_ratio_to_radius too large,0.3630309832330035,1.18343433927658,,,0.0,6.7803530925352975,2.2612486584455684,True,False,Interbedded_ST: segment_p95_plastic_zone_ratio_to_radius too large,42.0
P0011,min_max_sweep_100_lhs,3,1,Interbedded_ST; Fault,,,7.088449905900715,2.3628166353002387,,,,,,7.107214617403297,2.3690715391344326,869.2459093184095,disabled_plastic_zone_only,767.0,Interbedded_ST,plastic_estimate,,segment_p95_plastic_zone_ratio_to_radius too large,0.2136584702241268,1.1814083176501193,,,0.0,6.76877582609838,2.262531534056184,True,False,Interbedded_ST: segment_p95_plastic_zone_ratio_to_radius too large; Fault: segment_p95_plastic_zone_ratio_to_radius too large,43.0
P0064,min_max_sweep_100_lhs,3,1,Interbedded_ST; Fault,,,7.149421134230856,2.383140378076952,,,,,,7.168185845733438,2.389395281911146,921.275201864488,disabled_plastic_zone_only,767.0,Interbedded_ST,plastic_estimate,,segment_p95_plastic_zone_ratio_to_radius too large,0.16484712444308403,1.191570189038476,,,0.0,6.826843662603275,2.2732286006029505,True,False,Interbedded_ST: segment_p95_plastic_zone_ratio_to_radius too large; Fault: segment_p95_plastic_zone_ratio_to_radius too large,44.0
P0034,min_max_sweep_100_lhs,3,0,SH_ST; Interbedded_ST; Fault,,,7.13718832310404,2.3790627743680135,,,,,,7.155953034606624,2.385317678202208,910.5927700565919,disabled_plastic_zone_only,767.0,Interbedded_ST,plastic_estimate,,segment_p95_plastic_zone_ratio_to_radius too large,0.3364214535931708,1.1895313871840067,,,0.0,6.815193366292022,2.277907344245328,True,False,SH_ST: segment_p95_plastic_zone_ratio_to_radius too large; Interbedded_ST: segment_p95_plastic_zone_ratio_to_radius too large; Fault: segment_p95_plastic_zone_ratio_to_radius too large,45.0
P0027,min_max_sweep_100_lhs,3,2,Interbedded_ST,,,7.124975020778354,2.3749916735927847,,,,,,7.143739732280936,2.3812465774269787,900.0508107895627,disabled_plastic_zone_only,767.0,Interbedded_ST,plastic_estimate,,segment_p95_plastic_zone_ratio_to_radius too large,0.38691970207121723,1.1874958367963924,,,0.0,6.8035616497913685,2.2782824781402025,True,False,Interbedded_ST: segment_p95_plastic_zone_ratio_to_radius too large,46.0
P0098,min_max_sweep_100_lhs,3,2,Interbedded_ST,,,7.198552106758319,2.39951736891944,,,,,,7.217316818260901,2.4057722727536337,965.4553162218245,disabled_plastic_zone_only,767.0,Interbedded_ST,plastic_estimate,,segment_p95_plastic_zone_ratio_to_radius too large,0.3787028534503283,1.19975868445972,,,0.0,6.873635065010382,2.2790720951153594,True,False,Interbedded_ST: segment_p95_plastic_zone_ratio_to_radius too large,47.0
P0002,min_max_sweep_100_lhs,3,1,Interbedded_ST; Fault,,,7.173946205534774,2.391315401844925,,,,,,7.192710917037358,2.3975703056791193,943.0705262532778,disabled_plastic_zone_only,767.0,Interbedded_ST,plastic_estimate,,segment_p95_plastic_zone_ratio_to_radius too large,0.3356596265687175,1.1956577009224625,,,0.0,6.850200873368912,2.2803045196442744,True,False,Interbedded_ST: segment_p95_plastic_zone_ratio_to_radius too large; Fault: segment_p95_plastic_zone_ratio_to_radius too large,48.0
P0047,min_max_sweep_100_lhs,3,1,Interbedded_ST; Fault,,,7.1616736841557165,2.387224561385239,,,,,,7.180438395658299,2.393479465219433,932.1003560055549,disabled_plastic_zone_only,767.0,Interbedded_ST,plastic_estimate,,segment_p95_plastic_zone_ratio_to_radius too large,0.2680746862565045,1.1936122806926195,,,0.0,6.838512757769809,2.2808568697155036,True,False,Interbedded_ST: segment_p95_plastic_zone_ratio_to_radius too large; Fault: segment_p95_plastic_zone_ratio_to_radius too large,49.0
P0019,min_max_sweep_100_lhs,3,1,SH_ST; Interbedded_ST,,,7.033857693830933,2.344619231276978,,,,,,7.286301045229584,2.428767015076528,1031.0829583306916,disabled_plastic_zone_only,1077.0,SH_ST,plastic_estimate,,segment_p95_plastic_zone_ratio_to_radius too large,0.34991667516920044,1.172309615638489,,,0.0,6.939334328790081,2.2812149840270317,True,False,SH_ST: segment_p95_plastic_zone_ratio_to_radius too large; Interbedded_ST: segment_p95_plastic_zone_ratio_to_radius too large,50.0
P0028,min_max_sweep_100_lhs,3,1,SH_ST; Interbedded_ST,,,7.0315070277536265,2.3438356759178753,,,,,,7.283950379152277,2.4279834597174257,1028.7749880894576,disabled_plastic_zone_only,1077.0,SH_ST,plastic_estimate,,segment_p95_plastic_zone_ratio_to_radius too large,0.35524946434037347,1.1719178379589377,,,0.0,6.937095599192645,2.2831343578118646,True,False,SH_ST: segment_p95_plastic_zone_ratio_to_radius too large; Interbedded_ST: segment_p95_plastic_zone_ratio_to_radius too large,51.0
P0070,min_max_sweep_100_lhs,3,1,Interbedded_ST; Fault,,,7.197700604853328,2.399233534951109,,,,,,7.227170172302573,2.4090567241008576,974.5673622137676,disabled_plastic_zone_only,1429.0,Fault,plastic_estimate,,segment_p95_plastic_zone_ratio_to_radius too large,0.26736727544808353,1.1996167674755545,,,0.0,6.883019211716737,2.283601388871348,True,False,Interbedded_ST: segment_p95_plastic_zone_ratio_to_radius too large; Fault: segment_p95_plastic_zone_ratio_to_radius too large,52.0
P0036,min_max_sweep_100_lhs,3,0,SH_ST; Interbedded_ST; Fault,,,7.1862389337137005,2.395412977904567,,,,,,7.205003645216284,2.4016678817387613,954.1880513833497,disabled_plastic_zone_only,767.0,Interbedded_ST,plastic_estimate,,segment_p95_plastic_zone_ratio_to_radius too large,0.2516409890147264,1.1977064889522835,,,0.0,6.861908233539318,2.2874965302570933,True,False,SH_ST: segment_p95_plastic_zone_ratio_to_radius too large; Interbedded_ST: segment_p95_plastic_zone_ratio_to_radius too large; Fault: segment_p95_plastic_zone_ratio_to_radius too large,53.0
P0018,min_max_sweep_100_lhs,3,0,SH_ST; Interbedded_ST; Fault,,,7.195770513981168,2.398590171327056,,,,,,7.225240081430416,2.408413360476805,972.7757392292935,disabled_plastic_zone_only,1429.0,Fault,plastic_estimate,,segment_p95_plastic_zone_ratio_to_radius too large,0.19352447029214706,1.199295085663528,,,0.0,6.881181029933729,2.2902325686988347,True,False,SH_ST: segment_p95_plastic_zone_ratio_to_radius too large; Interbedded_ST: segment_p95_plastic_zone_ratio_to_radius too large; Fault: segment_p95_plastic_zone_ratio_to_radius too large,54.0
P0080,min_max_sweep_100_lhs,3,2,Interbedded_ST,,,7.210885965485576,2.403628655161859,,,,,,7.229650676988158,2.4098835589960528,976.8747527211966,disabled_plastic_zone_only,767.0,Interbedded_ST,plastic_estimate,,segment_p95_plastic_zone_ratio_to_radius too large,0.2834744753936674,1.2018143275809294,,,0.0,6.88538159713158,2.2918356979045855,True,False,Interbedded_ST: segment_p95_plastic_zone_ratio_to_radius too large,55.0
P0051,min_max_sweep_100_lhs,3,1,SH_ST; Interbedded_ST,,,7.223240753494872,2.4077469178316244,,,,,,7.242005464997455,2.4140018216658183,988.4488410652411,disabled_plastic_zone_only,767.0,Interbedded_ST,plastic_estimate,,segment_p95_plastic_zone_ratio_to_radius too large,0.251586572798694,1.2038734589158122,,,0.0,6.897148061902338,2.294778334768531,True,False,SH_ST: segment_p95_plastic_zone_ratio_to_radius too large; Interbedded_ST: segment_p95_plastic_zone_ratio_to_radius too large,56.0
P0081,min_max_sweep_100_lhs,3,2,Interbedded_ST,,,7.248014105859827,2.416004701953276,,,,,,7.266778817362411,2.4222596057874703,1012.0711420161064,disabled_plastic_zone_only,767.0,Interbedded_ST,plastic_estimate,,segment_p95_plastic_zone_ratio_to_radius too large,0.2660612862633065,1.208002350976638,,,0.0,6.920741730821344,2.3038752394855138,True,False,Interbedded_ST: segment_p95_plastic_zone_ratio_to_radius too large,57.0
P0040,min_max_sweep_100_lhs,3,1,Interbedded_ST; Fault,,,7.235616717199729,2.4118722390665766,,,,,,7.254381428702313,2.418127142900771,1000.1801108034725,disabled_plastic_zone_only,767.0,Interbedded_ST,plastic_estimate,,segment_p95_plastic_zone_ratio_to_radius too large,0.3058395401829746,1.2059361195332883,,,0.0,6.908934694002203,2.305669698790168,True,False,Interbedded_ST: segment_p95_plastic_zone_ratio_to_radius too large; Fault: segment_p95_plastic_zone_ratio_to_radius too large,58.0
P0015,min_max_sweep_100_lhs,3,2,Interbedded_ST,,,7.260433171613398,2.4201443905377995,,,,,,7.27919788311598,2.4263992943719934,1024.1245665104393,disabled_plastic_zone_only,767.0,Interbedded_ST,plastic_estimate,,segment_p95_plastic_zone_ratio_to_radius too large,0.19940142162364385,1.2100721952688998,,,0.0,6.93256941249141,2.3077849966063186,True,False,Interbedded_ST: segment_p95_plastic_zone_ratio_to_radius too large,59.0
P0048,min_max_sweep_100_lhs,3,0,SH_ST; Interbedded_ST; Fault,,,7.25560340699374,2.418534468997913,,,,,,7.285072974442985,2.428357658147662,1029.8765487993392,disabled_plastic_zone_only,1429.0,Fault,plastic_estimate,,segment_p95_plastic_zone_ratio_to_radius too large,0.2415195728327042,1.2092672344989566,,,0.0,6.938164737564748,2.310944969142702,True,False,SH_ST: segment_p95_plastic_zone_ratio_to_radius too large; Interbedded_ST: segment_p95_plastic_zone_ratio_to_radius too large; Fault: segment_p95_plastic_zone_ratio_to_radius too large,60.0
P0097,min_max_sweep_100_lhs,3,2,Interbedded_ST,,,7.310331350920896,2.436777116973632,,,,,,7.329096062423479,2.443032020807826,1074.01671365007,disabled_plastic_zone_only,767.0,Interbedded_ST,plastic_estimate,,segment_p95_plastic_zone_ratio_to_radius too large,0.26051083222800403,1.218388558486816,,,0.0,6.980091488022361,2.3160417336106924,True,False,Interbedded_ST: segment_p95_plastic_zone_ratio_to_radius too large,61.0
P0013,min_max_sweep_100_lhs,3,2,Interbedded_ST,,,7.285337357543516,2.4284457858478388,,,,,,7.304102069046098,2.4347006896820327,1048.7293886146213,disabled_plastic_zone_only,767.0,Interbedded_ST,plastic_estimate,,segment_p95_plastic_zone_ratio_to_radius too large,0.32586470768288955,1.2142228929239194,,,0.0,6.956287684805808,2.3168415518739764,True,False,Interbedded_ST: segment_p95_plastic_zone_ratio_to_radius too large,62.0
P0043,min_max_sweep_100_lhs,3,2,Interbedded_ST,,,7.272874169509972,2.4242913898366574,,,,,,7.291638881012555,2.4305462936708517,1036.3430690495968,disabled_plastic_zone_only,767.0,Interbedded_ST,plastic_estimate,,segment_p95_plastic_zone_ratio_to_radius too large,0.36972417780498595,1.2121456949183287,,,0.0,6.944417981916719,2.317472512506281,True,False,Interbedded_ST: segment_p95_plastic_zone_ratio_to_radius too large,63.0
P0017,min_max_sweep_100_lhs,3,0,SH_ST; Interbedded_ST; Fault,,,7.297822996685924,2.432607665561975,,,,,,7.316587708188506,2.4388625693961687,1061.2863197009133,disabled_plastic_zone_only,767.0,Interbedded_ST,plastic_estimate,,segment_p95_plastic_zone_ratio_to_radius too large,0.22312689181376055,1.2163038327809874,,,0.0,6.96817876970334,2.322004838607013,True,False,SH_ST: segment_p95_plastic_zone_ratio_to_radius too large; Interbedded_ST: segment_p95_plastic_zone_ratio_to_radius too large; Fault: segment_p95_plastic_zone_ratio_to_radius too large,64.0
P0062,min_max_sweep_100_lhs,3,0,SH_ST; Interbedded_ST; Fault,,,7.178599795005361,2.3928665983351203,,,,,,7.431043146404011,2.4770143821346706,1183.6278444845027,disabled_plastic_zone_only,1077.0,SH_ST,plastic_estimate,,segment_p95_plastic_zone_ratio_to_radius too large,0.25506921062476623,1.1964332991675601,,,0.0,7.077183948956202,2.3246656515253434,True,False,SH_ST: segment_p95_plastic_zone_ratio_to_radius too large; Interbedded_ST: segment_p95_plastic_zone_ratio_to_radius too large; Fault: segment_p95_plastic_zone_ratio_to_radius too large,65.0
P0052,min_max_sweep_100_lhs,3,2,Interbedded_ST,,,7.3354172758682505,2.445139091956084,,,,,,7.354181987370832,2.4513939957902773,1100.0095879817793,disabled_plastic_zone_only,767.0,Interbedded_ST,plastic_estimate,,segment_p95_plastic_zone_ratio_to_radius too large,0.2097405026697956,1.222569545978042,,,0.0,7.003982845115079,2.3263555007746834,True,False,Interbedded_ST: segment_p95_plastic_zone_ratio_to_radius too large,66.0
P0053,min_max_sweep_100_lhs,3,1,Interbedded_ST; Fault,,,7.322862687278187,2.4409542290927293,,,,,,7.341627398780768,2.4472091329269228,1086.9234800181912,disabled_plastic_zone_only,767.0,Interbedded_ST,plastic_estimate,,segment_p95_plastic_zone_ratio_to_radius too large,0.13818317858721899,1.2204771145463646,,,0.0,6.992026094076923,2.329357381834637,True,False,Interbedded_ST: segment_p95_plastic_zone_ratio_to_radius too large; Fault: segment_p95_plastic_zone_ratio_to_radius too large,67.0
P0044,min_max_sweep_100_lhs,3,1,Interbedded_ST; Fault,,,7.34799538991727,2.44933179663909,,,,,,7.366760101419852,2.455586700473284,1113.2780677823775,disabled_plastic_zone_only,767.0,Interbedded_ST,plastic_estimate,,segment_p95_plastic_zone_ratio_to_radius too large,0.3285855184845084,1.224665898319545,,,0.0,7.01596200135224,2.3369188416613667,True,False,Interbedded_ST: segment_p95_plastic_zone_ratio_to_radius too large; Fault: segment_p95_plastic_zone_ratio_to_radius too large,68.0
P0085,min_max_sweep_100_lhs,3,2,Interbedded_ST,,,7.373223303088485,2.4577411010294954,,,,,,7.391988014591069,2.4639960048636897,1140.3745781345508,disabled_plastic_zone_only,767.0,Interbedded_ST,plastic_estimate,,segment_p95_plastic_zone_ratio_to_radius too large,0.2133863891439649,1.2288705505147477,,,0.0,7.039988585324828,2.344722561386594,True,False,Interbedded_ST: segment_p95_plastic_zone_ratio_to_radius too large,69.0
P0087,min_max_sweep_100_lhs,3,0,SH_ST; Interbedded_ST; Fault,,,7.398548676271946,2.466182892090649,,,,,,7.417313387774529,2.472437795924843,1168.2385317607468,disabled_plastic_zone_only,767.0,Interbedded_ST,plastic_estimate,,segment_p95_plastic_zone_ratio_to_radius too large,0.15407271366867328,1.2330914460453244,,,0.0,7.064107988356695,2.3465576396076386,True,False,SH_ST: segment_p95_plastic_zone_ratio_to_radius too large; Interbedded_ST: segment_p95_plastic_zone_ratio_to_radius too large; Fault: segment_p95_plastic_zone_ratio_to_radius too large,70.0
P0026,min_max_sweep_100_lhs,3,1,Interbedded_ST; Fault,,,7.385873664562498,2.4619578881874995,,,,,,7.40463837606508,2.4682127920216934,1154.2089880626145,disabled_plastic_zone_only,767.0,Interbedded_ST,plastic_estimate,,segment_p95_plastic_zone_ratio_to_radius too large,0.28706594565180427,1.2309789440937497,,,0.0,7.05203654863341,2.3517008994927395,True,False,Interbedded_ST: segment_p95_plastic_zone_ratio_to_radius too large; Fault: segment_p95_plastic_zone_ratio_to_radius too large,71.0
P0016,min_max_sweep_100_lhs,3,2,Interbedded_ST,,,7.423973811108315,2.4746579370361053,,,,,,7.442738522610897,2.480912840870299,1196.8965257947063,disabled_plastic_zone_only,767.0,Interbedded_ST,plastic_estimate,,segment_p95_plastic_zone_ratio_to_radius too large,0.2554501241369928,1.2373289685180526,,,0.0,7.08832240248657,2.3529788275368073,True,False,Interbedded_ST: segment_p95_plastic_zone_ratio_to_radius too large,72.0
P0004,min_max_sweep_100_lhs,3,2,Interbedded_ST,,,7.360597305802579,2.4535324352675265,,,,,,7.379362017305162,2.459787339101721,1126.732012211138,disabled_plastic_zone_only,767.0,Interbedded_ST,plastic_estimate,,segment_p95_plastic_zone_ratio_to_radius too large,0.3219467401285584,1.2267662176337633,,,0.0,7.027963826004917,2.355325626569353,True,False,Interbedded_ST: segment_p95_plastic_zone_ratio_to_radius too large,73.0
P0088,min_max_sweep_100_lhs,3,2,Interbedded_ST,,,7.41124862756104,2.4704162091870137,,,,,,7.430013339063622,2.4766711130212076,1182.4665679068203,disabled_plastic_zone_only,767.0,Interbedded_ST,plastic_estimate,,segment_p95_plastic_zone_ratio_to_radius too large,0.3308709995578683,1.2352081045935068,,,0.0,7.076203180060594,2.361526318579277,True,False,Interbedded_ST: segment_p95_plastic_zone_ratio_to_radius too large,74.0
P0092,min_max_sweep_100_lhs,3,0,SH_ST; Interbedded_ST; Fault,,,7.449501062590905,2.483167020863635,,,,,,7.468265774093489,2.4894219246978295,1226.3762876100523,disabled_plastic_zone_only,767.0,Interbedded_ST,plastic_estimate,,segment_p95_plastic_zone_ratio_to_radius too large,0.21110090807060514,1.2415835104318176,,,0.0,7.112634070565227,2.3623543816374495,True,False,SH_ST: segment_p95_plastic_zone_ratio_to_radius too large; Interbedded_ST: segment_p95_plastic_zone_ratio_to_radius too large; Fault: segment_p95_plastic_zone_ratio_to_radius too large,75.0
P0071,min_max_sweep_100_lhs,3,1,Interbedded_ST; Fault,,,7.475132840284719,2.491710946761573,,,,,,7.493897551787301,2.497965850595767,1256.7067316854227,disabled_plastic_zone_only,767.0,Interbedded_ST,plastic_estimate,,segment_p95_plastic_zone_ratio_to_radius too large,0.14770601639288514,1.2458554733807865,,,0.0,7.137045287416478,2.3680571669572084,True,False,Interbedded_ST: segment_p95_plastic_zone_ratio_to_radius too large; Fault: segment_p95_plastic_zone_ratio_to_radius too large,76.0
P0003,min_max_sweep_100_lhs,3,1,Interbedded_ST; Fault,,,7.487988694678038,2.4959962315593462,,,,,,7.506753406180621,2.5022511353935406,1272.2003346725312,disabled_plastic_zone_only,767.0,Interbedded_ST,plastic_estimate,,segment_p95_plastic_zone_ratio_to_radius too large,0.19727918919838117,1.2479981157796731,,,0.0,7.149288958267259,2.375859439400359,True,False,Interbedded_ST: segment_p95_plastic_zone_ratio_to_radius too large; Fault: segment_p95_plastic_zone_ratio_to_radius too large,77.0
P0025,min_max_sweep_100_lhs,3,1,Interbedded_ST; Fault,,,7.462303732897995,2.487434577632665,,,,,,7.4810684444005755,2.4936894814668586,1241.433319217981,disabled_plastic_zone_only,767.0,Interbedded_ST,plastic_estimate,,segment_p95_plastic_zone_ratio_to_radius too large,0.33299323198313097,1.2437172888163326,,,0.0,7.124827089905311,2.3779921357411538,True,False,Interbedded_ST: segment_p95_plastic_zone_ratio_to_radius too large; Fault: segment_p95_plastic_zone_ratio_to_radius too large,78.0
P0009,min_max_sweep_100_lhs,3,1,Interbedded_ST; Fault,,,7.513781902073266,2.5045939673577555,,,,,,7.53254661357585,2.51084887119195,1303.8637624163787,disabled_plastic_zone_only,767.0,Interbedded_ST,plastic_estimate,,segment_p95_plastic_zone_ratio_to_radius too large,0.2037003026902017,1.2522969836788778,,,0.0,7.173853917691286,2.384918937071316,True,False,Interbedded_ST: segment_p95_plastic_zone_ratio_to_radius too large; Fault: segment_p95_plastic_zone_ratio_to_radius too large,79.0
P0090,min_max_sweep_100_lhs,3,2,Interbedded_ST,,,7.500871609573008,2.500290536524336,,,,,,7.51963632107559,2.50654544035853,1287.9180197388819,disabled_plastic_zone_only,767.0,Interbedded_ST,plastic_estimate,,segment_p95_plastic_zone_ratio_to_radius too large,0.33250348603883967,1.250145268262168,,,0.0,7.161558401024372,2.39087767660097,True,False,Interbedded_ST: segment_p95_plastic_zone_ratio_to_radius too large,80.0
P0023,min_max_sweep_100_lhs,3,1,Interbedded_ST; Fault,,,7.526719892932006,2.5089066309773354,,,,,,7.545484604434588,2.5151615348115293,1320.0416243418679,disabled_plastic_zone_only,767.0,Interbedded_ST,plastic_estimate,,segment_p95_plastic_zone_ratio_to_radius too large,0.2785770159507534,1.2544533154886677,,,0.0,7.186175813747227,2.3909513864846077,True,False,Interbedded_ST: segment_p95_plastic_zone_ratio_to_radius too large; Fault: segment_p95_plastic_zone_ratio_to_radius too large,81.0
P0010,min_max_sweep_100_lhs,3,2,Interbedded_ST,,,7.539685906593384,2.513228635531128,,,,,,7.558450618095966,2.519483539365322,1336.4557554513542,disabled_plastic_zone_only,767.0,Interbedded_ST,plastic_estimate,,segment_p95_plastic_zone_ratio_to_radius too large,0.33125191307009494,1.256614317765564,,,0.0,7.198524398186635,2.393662404003741,True,False,Interbedded_ST: segment_p95_plastic_zone_ratio_to_radius too large,82.0
P0058,min_max_sweep_100_lhs,3,1,Interbedded_ST; Fault,,,7.552680271234411,2.5175600904114708,,,,,,7.571444982736994,2.5238149942456647,1353.1103962378038,disabled_plastic_zone_only,767.0,Interbedded_ST,plastic_estimate,,segment_p95_plastic_zone_ratio_to_radius too large,0.18236914600550969,1.2587800452057354,,,0.0,7.210899983559043,2.39722309611963,True,False,Interbedded_ST: segment_p95_plastic_zone_ratio_to_radius too large; Fault: segment_p95_plastic_zone_ratio_to_radius too large,83.0
P0054,min_max_sweep_100_lhs,3,2,Interbedded_ST,,,7.56570331880731,2.5219011062691035,,,,,,7.584468030309893,2.5281560101032974,1370.0098800745848,disabled_plastic_zone_only,767.0,Interbedded_ST,plastic_estimate,,segment_p95_plastic_zone_ratio_to_radius too large,0.18873584328129792,1.2609505531345517,,,0.0,7.223302886009422,2.397364615407558,True,False,Interbedded_ST: segment_p95_plastic_zone_ratio_to_radius too large,84.0
P0074,min_max_sweep_100_lhs,3,1,Interbedded_ST; Fault,,,7.578755385082328,2.526251795027443,,,,,,7.597520096584912,2.532506698861637,1387.1586356066762,disabled_plastic_zone_only,767.0,Interbedded_ST,plastic_estimate,,segment_p95_plastic_zone_ratio_to_radius too large,0.13682277318640956,1.2631258975137214,,,0.0,7.235733425318964,2.3983641823751882,True,False,Interbedded_ST: segment_p95_plastic_zone_ratio_to_radius too large; Fault: segment_p95_plastic_zone_ratio_to_radius too large,85.0
P0060,min_max_sweep_100_lhs,3,0,SH_ST; Interbedded_ST; Fault,,,7.591836809691071,2.530612269897024,,,,,,7.6106015211936535,2.536867173731218,1404.5611892118638,disabled_plastic_zone_only,767.0,Interbedded_ST,plastic_estimate,,segment_p95_plastic_zone_ratio_to_radius too large,0.1834574703261572,1.265306134948512,,,0.0,7.248191924946338,2.406017231175654,True,False,SH_ST: segment_p95_plastic_zone_ratio_to_radius too large; Interbedded_ST: segment_p95_plastic_zone_ratio_to_radius too large; Fault: segment_p95_plastic_zone_ratio_to_radius too large,86.0
P0012,min_max_sweep_100_lhs,3,0,SH_ST; Interbedded_ST; Fault,,,7.618089112006096,2.5393630373353657,,,,,,7.6368538235086785,2.5456179411695596,1440.1463000918343,disabled_plastic_zone_only,767.0,Interbedded_ST,plastic_estimate,,segment_p95_plastic_zone_ratio_to_radius too large,0.27003367003367007,1.2696815186676829,,,0.0,7.273194117627314,2.4151072883093083,True,False,SH_ST: segment_p95_plastic_zone_ratio_to_radius too large; Interbedded_ST: segment_p95_plastic_zone_ratio_to_radius too large; Fault: segment_p95_plastic_zone_ratio_to_radius too large,87.0
P0083,min_max_sweep_100_lhs,3,1,Interbedded_ST; Fault,,,7.604947936170273,2.534982645390091,,,,,,7.623712647672853,2.5412375492242845,1422.222167534153,disabled_plastic_zone_only,767.0,Interbedded_ST,plastic_estimate,,segment_p95_plastic_zone_ratio_to_radius too large,0.2902765023977145,1.2674913226950455,,,0.0,7.260678712069385,2.417597617763393,True,False,Interbedded_ST: segment_p95_plastic_zone_ratio_to_radius too large; Fault: segment_p95_plastic_zone_ratio_to_radius too large,88.0
P0022,min_max_sweep_100_lhs,3,1,Interbedded_ST; Fault,,,7.631260688678921,2.5437535628929737,,,,,,7.650025400181504,2.550008466727168,1458.3384219625855,disabled_plastic_zone_only,767.0,Interbedded_ST,plastic_estimate,,segment_p95_plastic_zone_ratio_to_radius too large,0.2489745944291399,1.2718767814464869,,,0.0,7.2857384763633375,2.4292697492689705,True,False,Interbedded_ST: segment_p95_plastic_zone_ratio_to_radius too large; Fault: segment_p95_plastic_zone_ratio_to_radius too large,89.0
P0089,min_max_sweep_100_lhs,3,1,Interbedded_ST; Fault,,,7.684258175695362,2.561419391898454,,,,,,7.703022887197944,2.567674295732648,1533.8873558566816,disabled_plastic_zone_only,767.0,Interbedded_ST,plastic_estimate,,segment_p95_plastic_zone_ratio_to_radius too large,0.2457096214671973,1.280709695949227,,,0.0,7.336212273521852,2.432855840838314,True,False,Interbedded_ST: segment_p95_plastic_zone_ratio_to_radius too large; Fault: segment_p95_plastic_zone_ratio_to_radius too large,90.0
P0021,min_max_sweep_100_lhs,3,1,Interbedded_ST; Fault,,,7.644463021708619,2.54815434056954,,,,,,7.663227733211203,2.5544092444037343,1476.8034765481925,disabled_plastic_zone_only,767.0,Interbedded_ST,plastic_estimate,,segment_p95_plastic_zone_ratio_to_radius too large,0.20364588647416934,1.27407717028477,,,0.0,7.298312126867812,2.432887888027452,True,False,Interbedded_ST: segment_p95_plastic_zone_ratio_to_radius too large; Fault: segment_p95_plastic_zone_ratio_to_radius too large,91.0
P0042,min_max_sweep_100_lhs,3,1,Interbedded_ST; Fault,,,7.670961399390872,2.5569871331302907,,,,,,7.689726110893454,2.5632420369644846,1514.572716258184,disabled_plastic_zone_only,767.0,Interbedded_ST,plastic_estimate,,segment_p95_plastic_zone_ratio_to_radius too large,0.14961058395401833,1.2784935665651453,,,0.0,7.3235486770413845,2.437337690150522,True,False,Interbedded_ST: segment_p95_plastic_zone_ratio_to_radius too large; Fault: segment_p95_plastic_zone_ratio_to_radius too large,92.0
P0075,min_max_sweep_100_lhs,3,0,SH_ST; Interbedded_ST; Fault,,,7.65769647070035,2.5525654902334503,,,,,,7.6764611822029325,2.558820394067644,1495.546518421472,disabled_plastic_zone_only,767.0,Interbedded_ST,plastic_estimate,,segment_p95_plastic_zone_ratio_to_radius too large,0.2266095296398327,1.2762827451167251,,,0.0,7.310915411621841,2.4401889377132844,True,False,SH_ST: segment_p95_plastic_zone_ratio_to_radius too large; Interbedded_ST: segment_p95_plastic_zone_ratio_to_radius too large; Fault: segment_p95_plastic_zone_ratio_to_radius too large,93.0
P0046,min_max_sweep_100_lhs,3,1,SH_ST; Interbedded_ST,,,7.711305602642382,2.570435200880794,,,,,,7.963748954041034,2.6545829846803444,1966.5075416010354,disabled_plastic_zone_only,1077.0,SH_ST,plastic_estimate,,segment_p95_plastic_zone_ratio_to_radius too large,0.2834744753936673,1.285217600440397,,,0.0,7.584522813372413,2.4907708290184525,True,False,SH_ST: segment_p95_plastic_zone_ratio_to_radius too large; Interbedded_ST: segment_p95_plastic_zone_ratio_to_radius too large,94.0
P0056,min_max_sweep_100_lhs,3,0,SH_ST; Interbedded_ST; Fault,,,7.913902209849494,2.637967403283165,,,,,,8.166345561248146,2.722115187082715,2385.2346995417533,disabled_plastic_zone_only,1077.0,SH_ST,plastic_estimate,,segment_p95_plastic_zone_ratio_to_radius too large,0.3321225725266129,1.3189837016415824,,,0.0,7.777471963093473,2.565198447801009,True,False,SH_ST: segment_p95_plastic_zone_ratio_to_radius too large; Interbedded_ST: segment_p95_plastic_zone_ratio_to_radius too large; Fault: segment_p95_plastic_zone_ratio_to_radius too large,95.0
P0024,min_max_sweep_100_lhs,3,0,SH_ST; Interbedded_ST; Fault,,,8.010117867008402,2.670039289002801,,,,,,8.262561218407054,2.754187072802351,2614.226327043449,disabled_plastic_zone_only,1077.0,SH_ST,plastic_estimate,,segment_p95_plastic_zone_ratio_to_radius too large,0.2557222052171548,1.3350196445014004,,,0.0,7.869105922292432,2.5799864381896027,True,False,SH_ST: segment_p95_plastic_zone_ratio_to_radius too large; Interbedded_ST: segment_p95_plastic_zone_ratio_to_radius too large; Fault: segment_p95_plastic_zone_ratio_to_radius too large,96.0
P0006,min_max_sweep_100_lhs,3,1,SH_ST; Interbedded_ST,,,8.128792184939563,2.7095973949798546,,,,,,8.381235536338215,2.793745178779405,2927.1587228244384,disabled_plastic_zone_only,1077.0,SH_ST,plastic_estimate,,segment_p95_plastic_zone_ratio_to_radius too large,0.3522021562425603,1.3547986974899273,,,0.0,7.982129082226872,2.6221024336858685,True,False,SH_ST: segment_p95_plastic_zone_ratio_to_radius too large; Interbedded_ST: segment_p95_plastic_zone_ratio_to_radius too large,97.0
P0073,min_max_sweep_100_lhs,3,1,SH_ST; Interbedded_ST,,,8.441042655336911,2.8136808851123036,,,,,,8.693486006735561,2.897828668911854,3941.2641027134227,disabled_plastic_zone_only,1077.0,SH_ST,plastic_estimate,,segment_p95_plastic_zone_ratio_to_radius too large,0.19559228650137742,1.4068404425561518,,,0.0,8.279510482605298,2.7111579258363983,True,False,SH_ST: segment_p95_plastic_zone_ratio_to_radius too large; Interbedded_ST: segment_p95_plastic_zone_ratio_to_radius too large,98.0
P0086,min_max_sweep_100_lhs,3,0,SH_ST; Interbedded_ST; Fault,,,9.0,3.0,,,,,,9.0,3.0,7382.846176683197,disabled_plastic_zone_only,1077.0,SH_ST,plastic_reaches_4a_estimate,,segment_p95_plastic_zone_ratio_to_radius too large; segment_p95_plastic_zone_ratio_to_radius too large; plastic zone reaches 4a check limit,0.2530013944155359,1.5,,,0.0,8.907049943988884,2.9194647791252946,True,False,SH_ST: segment_p95_plastic_zone_ratio_to_radius too large; plastic zone reaches 4a check limit; Interbedded_ST: segment_p95_plastic_zone_ratio_to_radius too large; Fault: segment_p95_plastic_zone_ratio_to_radius too large,99.0
P0068,min_max_sweep_100_lhs,3,0,SH_ST; Interbedded_ST; Fault,,,9.0,3.0,,,,,,9.0,3.0,33727.860365094944,disabled_plastic_zone_only,1077.0,SH_ST,plastic_reaches_4a_estimate,,segment_p95_plastic_zone_ratio_to_radius too large; segment_p95_plastic_zone_ratio_to_radius too large; plastic zone reaches 4a check limit,0.24576403768322966,1.5,,,0.0,10.426109140502838,3.220019807898548,True,False,SH_ST: segment_p95_plastic_zone_ratio_to_radius too large; plastic zone reaches 4a check limit; Interbedded_ST: segment_p95_plastic_zone_ratio_to_radius too large; Fault: segment_p95_plastic_zone_ratio_to_radius too large,100.0
