"status","location","expected_file","reason","category","path"
"OK","int","Shimen_Tunnel_3D_Alignment_1m.csv","隧道線形與里程","input_required","D:\FLAC_AI\2D\int\Shimen_Tunnel_3D_Alignment_1m.csv"
"OK","int","SH with thin SS_(ST).ply","SH_ST 地層面","input_required","D:\FLAC_AI\2D\int\SH with thin SS_(ST).ply"
"OK","int","SS with minor SH_(NK).ply","SS_NK 地層面","input_required","D:\FLAC_AI\2D\int\SS with minor SH_(NK).ply"
"OK","int","SS with thin SH_(NC).ply","SS_NC 地層面","input_required","D:\FLAC_AI\2D\int\SS with thin SH_(NC).ply"
"OK","int","SS_SH Interbedded_(ST).ply","Interbedded_ST 地層面","input_required","D:\FLAC_AI\2D\int\SS_SH Interbedded_(ST).ply"
"OK","int","topography.ply","地表面","input_required","D:\FLAC_AI\2D\int\topography.ply"
"OK","int","石門隧道輪數對應表.xlsx","輪數/里程/支保對應","input_required","D:\FLAC_AI\2D\int\石門隧道輪數對應表.xlsx"
"MISSING","int","監測點.xlsx","監測點位置與 STEP_-/STEP_+，之後補充","input_pending","D:\FLAC_AI\2D\int\監測點.xlsx"
"MISSING","out","monitor_all.csv","無支撐 2D 模擬位移曲線，2D code 產生後放這裡","simulation_output_pending","D:\FLAC_AI\2D\out\monitor_all.csv"
